Id,ListIntParam_0,ListIntParam_1,ListIntParam_2,ListIntParam_3,ListStrParam_0,ListStrParam_1,ListStrParam_2,ListStrParam_3,#ignoreListParam_0,ignoreListParam_1,ignoreListParam_2
Int,Int,Int,Int,Int,String,String,String,String,Float,Float,Float
cs,cs,cs,cs,cs,cs,cs,cs,cs,cs,cs,
Key=Id,,,,,,,,,,,
#×¢ÊÍ,,,,,,,,,,,
1,1,2,3,4,a,b,c,d,1.2,1.2,1.2
2,5,6,7,8,a,b,c,d,1.2,1.2,1.2
3,9,10,11,12,a,b,c,d,1.2,1.2,1.2
4,13,14,15,16,a,b,c,d,1.2,1.2,1.2
5,17,18,19,20,a,b,c,d,1.2,1.2,1.2
6,21,22,23,24,a,b,c,d,1.2,1.2,1.2
7,25,26,27,28,a,b,c,d,1.2,1.2,1.2
8,29,30,31,32,a,b,c,d,1.2,1.2,1.2
9,33,34,35,36,a,b,c,d,1.2,1.2,1.2
10,37,38,39,40,a,b,,,1.2,1.2,1.2
